;;Title:;BOM for Project Z02P24;;;;;;;;;;;
;;File:;Z02P24_r2_[01] - Base - Bill of Materials.xlsx;;;;;;;;;;;
;;Author:;F. Plos;;;;;;;;;;;
;;Date:;27/01/2025;;;;;;;;;;;
;;Variant:;[01] - Base;;;;;;;;;;;
;;Revision:;R2;;;;;;;;;;;
;;;;;;;;;;;;;;
;;;;;;;;;;;;;;
;;;;;;;;;;;;;;
Item;Designator;Description;MFG1;MPN1;MFG2;MPN2;Value;Tolerance;Quantity;Dielectric;Case/Package;Op Voltage;Fitted;Quantity in lab
1;AR1;Dual Tiny Micropower Comparator Rail2Rail, 40V, OpenDrain, TSOT23-8;TI;TLV1822DDFR;;;TLV1822;;1;;SOT23-THIN-8;2.4-40V;Fitted;9
2;BT1;Primary Coin Cell Li-IonBatt 2450, 3.6V, 5mA, Ext Temp, Auto, PTH;TADIRAN;TLH-2450;;;TLH-2450;;0;;Disc 24mm H6.8;;Not Fitted;
3;C1;MLCC Automotive, 1206, 250V, 10%, X7R;MURATA;GCM31B7U2E103JX01L;;;10nF;5%;1;U2J;1206;250V;Fitted;27
4;C2, C166, C167;MLCC Automotive, 0603, 50V, 5%, COG, MLCC Automotive, 100pF, 0603, 50V, 5%, COG;MURATA;GCM1885C1H101JA16;;;100pF;5%;3;COG;0603;50V;Fitted;41
5;C3, C7, C39, C41, C43, C44, C45, C46;CAP, CERAMIC 1nF 10% 250Vac (1.5KVac 60s)  - X1/Y2 1812 SM;WURTH ELEK;8853522110031;;;1nF;10%;8;X7R;1812;;Fitted;12
6;C4, C5, C6;MLCC Auto Soft Term, 1uF,2220, 250V, 10%, X7R;KEMET;C2220X105KARACAUTO;;;1uF;10%;3;X7R;2220;250V;Fitted;5
7;C8;SMD, Alum Electr, Gen Purp, ULB, AEC-Q200;Nichicon;UUB2D4R7MNL1GS;;;4.7uF;0,2;1;;SM d8 h10;200V;Fitted;9
8;C9, C14, C18, C30;MLCC Automotive, 1210, 25V, 10%, X8L;MURATA;GCM32EL8EF226KE08L;MURATA;GCJ32EC71E226KE02;22uF;10%;4;X8L;1210;25V;Fitted;9
9;C10, C15, C19, C24, C31, C38;MLCC Automotive, 1210, 50V, 10%, X8L;MURATA;GCM32EL8EH106KA07;MURATA;GCJ32ER71E106KA18L;10uF;;6;X8L;1210;;Fitted;24
10;C11, C16, C20, C21, C25, C27, C32, C37, C51, C52, C56, C57, C58, C63, C64, C68, C69, C70, C76, C77, C79, C81, C83, C87, C140, C202, C203, C204, C205;MLCC Automotive, 0603, 50V, 10%, X8L;MURATA;GCM188L81H104KA57;MURATA;GCJ188L8EL104KA07;100nF;[NoParam], 10%;29;X8L;0603;[NoParam], 50V;Fitted;62
11;C12, C13;TH, Alum Electr, High temp, UBX series;Nichicon;UBX2C470MHL;;;47uF;;2;;PTH d12.5 h20;;Fitted;2
12;C17, C23;MLCC Automotive, 2220, 25V, 10%, X7S;MURATA;KCM55QC71E476KH13;MURATA;KCM55WR71E476MH01;47uF;[NoParam], 20%;2;X7S;2220;[NoParam], 25V;Fitted;10
13;C22, C26;SMD, Alum Electr, Low Esr, AntiVibr, AEC-Q200;KEMET;EDT476M025S9HAA;;;47uF;;2;;SM d6.3 h7.7;;Fitted;10
14;C28, C90;MLCC Automotive, 0603, 50V, 5%, COG;MURATA;GCM1885C1H471JA16;;;470pF;[NoParam], 5%;2;COG;0603;[NoParam], 50V;Fitted;19
15;C29, C215, C216;MLCC Automotive, 0603, 50V, 10%, X7R, MLCC Automotive, 1nF, 0603, 50V, 10%, COG;MURATA;GCM1885C1H102JA16;;;1nF;[NoParam], 5%;3;COG;0603;[NoParam], 50V;Fitted;59
16;C33;MLCC Automotive, 0603, 50V, 10%, X8L;MURATA;GCM219R71H334KA55;;;330nF;;1;X7R;0805;;Fitted;
17;C34, C47, C59, C72;MLCC Automotive, 0603, 50V, 5%, COG;MURATA;GCM1885C1H561JA16;;;560pF;[NoParam], 5%;4;COG;0603;[NoParam], 50V;Fitted;30
18;C35, C50, C62, C75, C86;MLCC Automotive, 0603, 50V, 10%, X7R;MURATA;GCM21BR71E225KA73L;;;2.2uF;10%;5;X7R;0805;25V;Fitted;9
19;C36, C54, C55, C66, C67, C120, C171;MLCC Automotive, 0805, 4.7uF, 35V, 20%, X7S;MURATA;GCM21BC7YA475KE36#;MURATA;;4.7uF;20,00%;7;X7S;0805;35V;Fitted;17
20;C40, C180;MLCC Automotive, 0603, 50V, 5%, COG;MURATA;GCM1885C1H221JA16;;;220pF;[NoParam], 5%;2;COG;0603;[NoParam], 50V;Fitted;19
21;C42;MLCC Automotive, 0603, 50V, 5%, COG;MURATA;GCM1885C1H220JA16;;;22pF;;1;COG;0603;;Fitted;49
22;C48, C49, C53, C60, C61, C65, C73, C74, C84, C85;SMD, Alum Electr, Low Esr, AEC-Q200;KEMET;EDT107M025S9HAA;;;100uF;0,2;10;;SM d6.3 h7.7;25V;Fitted;3
23;C71, C78, C162, C163, C169;MLCC Automotive, 0805, 50V, 10%, X7R;KYOCERA-AVX;08055C105K4T4A;;;1uF;10%;5;X7R;0805;50V;Fitted;34
24;C80, C88, C135, C179, C181, C182;MLCC Automotive, 0805, 10uF, 10V, 10%, X7R;MURATA;GCM21BR71A106KE22K;MURATA;;10uF;10%;6;X7R;0805;10V;Fitted;19
25;C82;MLCC Automotive, 0603, 50V, 10%, X7R;MURATA;GCM188R71H224KA64;;;220nF;10%;1;X7R;0603;50V;Fitted;32
26;C89, C91, C93, C94, C95, C97, C98, C100, C102, C103, C104, C105, C106, C107, C110, C111, C112, C115, C116, C118, C121, C122, C123, C124, C127, C128, C129, C130, C131, C136, C138, C143, C144, C145, C146, C147, C148, C150, C151, C156, C157, C158, C159, C160, C164, C165, C170, C172, C173, C174, C175, C176, C177, C178, C183, C184, C186, C188, C189, C191, C192, C193, C194, C195, C208, C209, C210;MLCC Automotive, 0402, 50V, 10%, X7r;MURATA;GCM155R71H104KE02;MURATA;GCM155R71H104KE37;100nF;10%;67;X7R;0402;50V;Fitted;96
27;C92, C96, C109, C114;MLCC Automotive, 10nF, 0402, 25V, 10%, X7r;MURATA;GCM155R71H103KA55*;;;10nF;10%;4;X7R;0402;50V;Fitted;29
28;C99, C142, C196, C199;MLCC Automotive, 0402, 50V, 10%, X7r;MURATA;GCM155R71H104KE02;MURATA;GCM155R71H104KE37;100nF;10%;0;X7R;0402;50V;Not Fitted;23
29;C101, C211, C212;MLCC Automotive, 0603, 100V, 10%, X7R, MLCC Automotive, 10nF, 0603, 100V, 10%, X7R;MURATA;GCM188R72A103KA37;;;10nF;10%;0;X7R;0603;100V;Not Fitted;43
30;C108, C113;MLCC Automotive, 18nF, 0402, 25V, 10%, X7r;MURATA;GCM155R71E183KA55*;;;18nF;10%;2;X7R;0402;25V;Fitted;200
31;C117, C119, C134, C149, C168, C185, C187, C207, C214, C217;MLCC Automotive, 1uF, 0603, 16V, 10%, X7R;MURATA;GCM188R71C105KA64J;;;1uF;10%;10;X7R;0603;16V;Fitted;10
32;C125, C126;MLCC Automotive, 6.8pF,0402, 50V, 5%, COG(NPO);MURATA;GCM1555C1H6R8BA16*;KEMET;C0402C689J3GACAUTO;6.8pF;0.1p;2;COG;0402;50V;Fitted;78
33;C132, C206;MLCC Automotive, 0603, 100V, 10%, X7R;MURATA;GCM188R72A103KA37;;;10nF;10%;2;X7R;0603;100V;Fitted;
34;C133, C139, C141;MLCC Automotive, 22nF, 0402, 25V, 10%, X7r;MURATA;GCM155R71E223KA55;;;22nF;10%;3;X7R;0402;25V;Fitted;59
35;C137;MLCC Automotive, 1uF, 0603, 16V, 10%, X7R;MURATA;GCM188R71C105KA64J;;;1uF;10%;0;X7R;0603;16V;Not Fitted;
36;C152, C153;MLCC Automotive, 47pF, 0402, 50V, 5%, COG;MURATA;GCM1555C1H470JA16;;;47pF;5%;2;COG;0402;50V;Fitted;
37;C154;MLCC Automotive, 4.7nF, 0402, 25V, 10%, X7r;MURATA;GCM155L81H472KA37*;;;4.7nF;10%;1;X8L;0402;50V;Fitted;164
38;C155;CAP, CERAMIC 2.2nF 10% 250Vac (1.5KVac 60s)  - X1/Y2 2220 SM;VISHAY;VJ2220Y222KXUSTX1;;;2,2nF;10%;1;X7R;2220;;Fitted;19
39;C161;MLCC, Gen Purpose, 0805, 16V,20%, X5R;TAIYO YUDEN;MSASE21GBB5226MTNA01;;;22uF;20%;1;X5R;0805;16V;Fitted;50
40;C190;MLCC Automotive, 330nF, 0603, 16V, 10%, X7R;MURATA;GCM188R71C334KA37J;;;330nF;10%;1;X7R;0603;16V;Fitted;68
41;C197, C198, C200, C201;MLCC Automotive, 47nF, 0402, 50V, 10%, X7r;MURATA;GCM155R71H473KE02J;;;47nF;10%;0;X7R;0402;50V;Not Fitted;58
42;C213;MLCC Automotive, 6.8pF,0402, 50V, 5%, COG(NPO);MURATA;GCM1555C1H6R8BA16*;KEMET;C0402C689J3GACAUTO;6.8pF;0.1p;0;COG;0402;50V;Not Fitted;
43;D1;Schottky Rectifier Diode 3A 200V SMB;OnSemi;S320;;;S320;;1;;SMB(DO-214AA);;Fitted;9
44;D2;TVS Bidir 82V 5KW PTH-Vertical;ST;BZW50-82B;LITTELFUSE;5KP82CA;TVS 82V 5KW PTH-V;;1;;P600/R6;;Fitted;
45;D3, D5, D6, D7, D8, D10, D11;Ultafast Rectifier Diode 1A 200V SMA;ST;STTH102AY;;;STTH102AY;;7;;SMA(DO-214AC);;Fitted;34
46;D4, D39;TVS Uniir 30V SMA;ST;SM30T30AY;;;TSV30V SMC, TVS 30V SMC;;2;;SMC/DO-214AB;;Fitted;10
47;D9, D29;Shottky Rectifier Diode 5A 100V Automotive 2A-K PSMC;ST;STPST5H100SF;;;STPST5H100SF;;2;;PSMC (TO-277A);;Fitted;5
;;;;;;;;;;;;;;30
48;D12, D14, D15, D16, D17, D18, D21;Schottky Rectifier Diode 0.5A 40V SOD123;MCC;MBR0540-TP;;;MBR0540;;7;;SOD123-2;;Fitted;
49;D13;Voltage Reference TL43z 0.5% AEC;;;;;TL431LI-Q1;;1;;SOT23-3;;Fitted;
50;D19;TVS Uniir 75V SMA;ST;SM6T75AY;;;TVS 75V SMA;;0;;SMA/DO-214AC;;Not Fitted;
51;D20, D22, D24, D25, D38;Dual Schottky Diode,  Dual Series, SOT23, 0.2A, 30V;NEXPERIA;BAT54S;;;BAT54S;;5;;SOT323-3 (SC70);;Fitted;19
52;D23, D27, D28, D34, D35;Single Schottky, High Switching, 50mA, SOD523, 20V;TOSHIBA;1SS405;;;1SS405;;5;;SOD-523-2;;Fitted;16
53;D26;Dual TVS for CAN ESD protection SOT23-3;NEXPERIA;PESD2CANFD24LT-QR;NEXPERIA;PESD2CAN;PASED2CAN;;1;;SOT23-3;;Fitted;31
54;D30, D36, D37;TVS Bidir 12V SMA;ST;SMA6T12CAY;;;TVS 12V SMA;;3;;SMA/DO-214AC;;Fitted;38
55;D31, D32;4Ch Transil array for data 6V1, SOT323-5;ST;ESDALC6V1W5;SEMTECH;;ESDALC6V1W5;;2;;SOT323-5;;Fitted;20
56;D33;Dual Schottky Diode,  Common Anode, SOT323-3, 0.2A, 40V, Auto;ST;BAT54AWFILMY;;;BAT54AW;;1;;SOT323-3 (SC70);;Fitted;26
57;DL1;LED standard - SMD Yel 590nm 6.3mcd 2.2 V, 20mA, 0603 AECQ-102;ROHM;SML-D12Y8WT86C;;;LEDY;;1;;0603-Top View;;Fitted;
58;DL2, DL4, DL6, DL7, DL8, DL9, DL11;LED standard - SMD Grn 560nm 6.3mcd 2.2 V, 20mA, 0603 AECQ-102;ROHM;SML-D12P8WT86C;;;LEDG;;7;;0603-Top View;;Fitted;2
59;DL3, DL5;"LED standard - SMD Grn 560nm 6.3mcd 2.2 V; 20mA; 0603 AECQ-102";ROHM;SML-D12P8WT86C;;;LEDG;;0;;0603-Top View;;Not Fitted;
60;DL10, DL12;LED standard - SMD Red 620nm 63mcd 2.2 V, 20mA, 0603 AECQ-102;ROHM;SML-D12U8WT86C;;;LEDR;;2;;0603-Top View;;Fitted;24
61;DZ1, DZ2, DZ4, DZ5;Zener Diode 2% SOD123;Nexperia;BZT52H-B15;OnSemi;MMSZ5245CT1G;15V-0.5W;;4;;SOD-123-2;;Fitted;20
62;DZ3, DZ11;Zener Diode 2% SOD123;Nexperia;BZT52H-B18;OnSemi;MMSZ5248CT1G;18V-0.5W;;2;;SOD-123-2;;Fitted;119
63;DZ6;Zener Diode 2% SOD123;Nexperia;BZT52H-B6V8;OnSemi;MMSZ5235BT1G;6V8-0.5W;;1;;SOD-123-2;;Fitted;133
64;DZ7, DZ8, DZ9, DZ10;Zener Diode 2% SOD123;Nexperia;BZT52H-B5V1;OnSemi;MMSZ5231CT1G;5V1-0.5W;;4;;SOD-123-2;;Fitted;80
65;F1;454 Series Nano2 Fuse Slo-Blo, 1.5A, 125V, SMD;LITTLEFUSE;045401.5MR;;;045401.5;;1;;SMD 6.1X2.7;125V;Fitted;26
66;F2, F3;Resettable Fuse PPTC, 50mA Hold, 150mA Trip, 3.6R min, 30V;LITTLEFUSE;RF1350-000;;;microSMD005F-2;;2;;1210;;Fitted;
67;FB1, FB2, FB4, FB6, FB11, FB12;SMD EMI Suppression Ferrite Bead 120R, 0603;MURATA;BLE18PS080SH1#;;;;;6;;0603;;Fitted;29
68;FB3;SMD EMI Suppression Ferrite Bead 220R, 0805;MURATA;BLM21PG221SH1D;;;;;1;;0805;;Fitted;20
69;FB5, FB8, FB13, FB14;SMD EMI Suppression Ferrite Bead 600R, 0603, For DC Power;MURATA;BLM18HE601SH1D;;;;;4;;0603;;Fitted;20
70;FB7, FB9, FB10, FB17;SMD EMI Suppression Ferrite Bead 120R, 0603;MURATA;BLM18AG121BH1D;;;;;4;;0603;;Fitted;
71;FB15, FB16;SMD EMI Suppression Ferrite Bead 120R, 0603;MURATA;BLM18AG121BH1D;;;;;0;;0603;;Not Fitted;18
72;J1;Metal Plate chip Jumper 0603;KOA SPEER;TLRZ1JTTD;;;0R;;0;;0603;;Not Fitted;
73;J2;Metal Plate chip Jumper 0603;KOA SPEER;TLRZ1JTTD;;;0R;;1;;0603;;Fitted;
74;L1;EMI Filtering Inductor WE-LQ SMT, 33uH, 320mA,;WE;744045330;;;33uH;;1;;1812_4.5x3.2mm H2.6;;Fitted;
75;L2;CMC APPM Series, 3KOhm, 900mA, SMT;Pulse/Chilisin;APPM00070638302XY0;;;3K? @ 100 MHz;;1;;7x6mm H3.8;;Fitted;
76;L3;CMC for CanBus, 2k7, 200mA, Autom, SMT;TDK;ACT1210-510-2P-TL00;;;ACT1210-51uH-2K7;;1;;1210 (3.2x2.5 H2.5);;Fitted;
77;L4;Chip Coil 2.2uH, 1.4A, 2016, AEC-Q200;MURATA;DFE2MCAH2R2MJ0L;;;2.2uH;;1;;2016_2x1.6H1.2mm;;Fitted;20
78;M1, M2;Plastic double insertion spacer;FastPoint;11300AA0007.9;;;11300AA0007.9;;2;;;;Fitted;
79;P1;Samtech Tiger-Claw 2x20 Socket, pitch 2mm, Low Profile, Bottom Entry;Samtec;CLT-120-02-L-D-BE-A-K-TR;;;CLT-120-02-L-D-BE-A-K-TR;;1;;SMD-40;;Fitted;1
80;P2;Samtech Tiger-Claw 2x10 Socket, pitch 2mm, Low Profile, Bottom Entry;Samtec;CLT-110-02-L-D-BE-A-K-TR;;;CLT-110-02-L-D-BE-A-K-TR;;1;;SMD-20;;Fitted;1
81;P3;Samtech TMM Tiger-Claw 2x11 Header, pitch 2mm;Samtec;TMM-111-01-F-D-SM-A-P-TR;;;TMM-111-01-F-D-SM-A-P-TR;;1;;SMD-22;;Fitted;
82;P4;Therminal Block 2 Poles, PTH, Screwless, Horizontal, 3.50 Pitch, 24~16 (AWG);CUI;TBLH13-500-02BK;;;TBLH13-500-02BK;;1;;9,2x12,7mm H13,9;;Fitted;1
83;P5;Conn MicroPowerPlus 4x2, PiP, pitch 3mm, 12,5A, Vertical;Amphenol;G88MP081028CREU;Molex;;MicroPower 4x2;;1;;PTH 9.6x9.6;;Fitted;
84;P6, P7;Samtech FTSH Header, 10pin (5x2), pitch 1.27mm, for Arm Jtag;SAMTEC;FTSH-105-01-L-DV-K;;;FTSH-105-01-L-DV-K;;0;;SMD-10;;Not Fitted;
85;P8, P9;Samtech FTSH Header, 14pin (7x2), pitch 1.27mm, for Arm Jtag;SAMTEC;FTSH-107-01-L-DV-K;;;FTSH-107-01-L-DV-K;;2;;SMD-14;;Fitted;16
86;P10;WR-WTB SMT Male Vertical Shrouded Header, pitch 1.25mm, 5p;WURTH EL;653105124022;;;653105124022;;1;;SMD-5;;Fitted;1
87;Q1;N-channel 600 V, 280mR typ., 12 A MDmesh M2 Power MOSFET;ST;STD16N60M2;;;STD16N60M2;;1;;DPAK (TO-252);;Fitted;11
88;Q2, Q3, Q15, Q17;NPN general purpose transistors;NEXPERIA;BC847C-QR;Diodes;BC847C-Q;BC847C-Q;;4;;SOT23-3;;Fitted;110
89;Q4, Q6, Q7, Q10, Q11, Q12, Q13, Q14;NPN  Digital Transistor, R1=4k7 R2=47k, SOT323;NEXPERIA;NHDTC143ZUX;INFINEON;BCR116WH6327XTSA1;NHDTC143;;8;;SOT323 (SC-70);;Fitted;
90;Q5;N-Channel 30V, 1R5@2.5Vgs, 270mA, AEC-Q101, SC70-3;ONSEMI;NVS4001NT1G;;;NVS4001N;;1;;SC70-3-SOT323;;Fitted;3
91;Q8;N-channel 600 V, 135mR typ., 22 A MDmesh M2 Power MOSFET;ST;STB28N60M2;;;STB28N60M2;;1;;D2PAK;;Fitted;
92;Q9;P-Channel 150V, 160mR typ, 22A Optimos;INFINEON;ISC16DP15LMATMA1;;;ISC16DP15LM;;1;;PG-TDSON-8 6x5;;Fitted;1
93;Q16;P-Channel 20V, 100mR@1.8Vgs, 2.4A, SOT23;;FDN304P;;;FDN304P;;1;;;;Fitted;18
94;QZ1;Quartz 32768Hz,20ppm, Cl=7pF, Auto, SMD2;Micro Crystal;CM7V-T1A-32.768kHz-7pF-20PPM-TB-QA;;;32.768KHz;;1;;3.2x1.5mm;;Fitted;26
95;R1, R2;Thick Film SM Chip Resistors, 18R, 1206, ±1%, 1/4W;VISHAY;CRCW120618R0FKEAC;;;18R;1%;0;;1206;200V;Not Fitted;5
96;R3, R4, R146;Thick Film SM Chip Resistors, 47K,  0603, ±1%, 1/10W;VISHAY;CRCW060347K0FKEA;;;47K;1%;3;;0603;75V;Fitted;
97;R5, R6;Thick Film SM Chip Resistors, 39K, 1206, ±1%, 1/4W;VISHAY;CRCW120639K0FKEA;;;39K;1%;2;;1206;200V;Fitted;
98;R7, R173, R174, R182, R183, R191;Thick Film SM Chip Resistors, 10R, 0603, ±1%, 1/10W;VISHAY;CRCW060310R0FKE;;;10R;1%;6;;0603;75V, [NoParam];Fitted;
99;R8;Thick Film SM Chip Resistors, 6R2, 0805, ±1%, 1/5W;VISHAY;CRCW08056R20FKEA;;;6R2;1%;1;;0805;;Fitted;
100;R9, R82, R120, R216, R255, R263, R268;Thick Film SM Chip Resistors, 1K, 0603, ±1%, 1/10W;VISHAY;CRCW06031K00FKEA;;;1K;1%;7;;0603;75V, [NoParam];Fitted;
101;R10;Thick Film SM Low Value Chip Resistor, 560mR, 2010, 1%, 2W;VISHAY;RCWE2010R560FKEA;;;560mR;0,01;1;;2010;300V;Fitted;
102;R11;Thick Film SM Chip Resistors, 9K76, 0603, ±1%, 1/10W;VISHAY;CRCW06039K76FKEA;;;9K76;1%;1;;0603;75V;Fitted;
103;R12, R23;Thick Film SM Chip Resistors, 768R, 0603, ±1%, 1/10W;VISHAY;CRCW0603768RFKEA;;;768R;1%;2;;0603;;Fitted;
104;R13;Thick Film SM Chip Resistors, 3K65, 0603, ±1%, 1/10W;VISHAY;CRCW06033K65FKEA;;;3K65;1%;1;;0603;75V;Fitted;
105;R14, R147;Thick Film SM Chip Resistors, 20K, 0603, ±1%, 1/10W;VISHAY;CRCW060320K0FKE;;;20K;1%;2;;0603;75V;Fitted;
106;R15;Thick Film SM Chip Resistors, 15K4, 0603, ±1%, 1/10W;VISHAY;CRCW060315K4FKEA;;;15K4;1%;1;;0603;;Fitted;
107;R16;Thick Film SM Chip Resistors, 6K26, 0603, ±0.1%, 1/10W;VISHAY;TNPW06036K26BEEA;;;6K26;0,1%;1;;0603;75V;Fitted;
108;R17, R67, R122, R217;Thick Film SM Chip Resistors, 1K62 0603, ±1%, 1/10W;VISHAY;CRCW06031K62FKEA;;;1K62;1%;4;;0603;75V;Fitted;
109;R18;Thick Film SM Chip Resistors, 162R, 0603, ±1%, 1/10W;VISHAY;CRCW0603162RFKEA;;;162R;1%;1;;0603;;Fitted;
110;R19, R254;Thick Film SM Chip Resistors, 4K99, 0603, ±1%, 1/10W;VISHAY;CRCW06034K99FKEA;;;4K99;1%;2;;0603;;Fitted;
111;R20;Thick Film SM Chip Resistors, 45K3,  0603, ±1%, 1/10W;VISHAY;CRCW060345K3FKEA;;;45K3;1%;1;;0603;;Fitted;
112;R21, R25, R26, R36, R37, R48, R49;Thick Film SM Chip Resistors, 3K9, 0603, ±1%, 1/10W;VISHAY;CRCW06033K90FKEA;;;3K90;1%;7;;0603;75V;Fitted;
113;R22;Thick Film SM Chip Resistors, 845R, 0603, ±1%, 1/10W;VISHAY;CRCW0603845RFKEA;;;845R;1%;1;;0603;75V;Fitted;
114;R24, R35, R47, R57, R196, R203;Thick Film SM Chip Resistors, 1Meg, 0603, ±1%, 1/10W;VISHAY;CRCW06031M00FKEB;;;1M;1%;6;;0603;75V, [NoParam];Fitted;
115;R27, R38, R50;Thick Film SM Chip Resistors, 115K, 0603, ±1%, 1/10W;VISHAY;CRCW0603115KFKEA;;;115K;1%;0;;0603;75V;Not Fitted;
116;R28, R29, R39, R51, R250;Thick Film SM Chip Resistors, 470K, 0603, ±1%, 1/10W;VISHAY;CRCW0603470KFKEA;;;470K;1%;5;;0603;75V, [NoParam];Fitted;
117;R30, R44;Thick Film SM Chip Resistors, 1K, 0402, ±1%, 1/16W;VISHAY;CRCW04021K00FKED;;;1K;1%;0;;0402;50V;Not Fitted;
118;R31, R40, R52, R58, R149, R192, R193, R199, R200, R264;Thick Film SM Chip Resistors, 3K3, 0603, ±1%, 1/10W;VISHAY;CRCW06033K30FKEA;;;3K3;1%;10;;0603;75V, [NoParam];Fitted;
119;R32, R33, R41, R54;Thick Film SM Chip Resistors, 115K, 0603, ±1%, 1/10W;VISHAY;CRCW0603115KFKEA;;;115K;1%;4;;0603;75V;Fitted;
120;R34, R45, R55;Thick Film SM Chip Resistors, 330K, 0603, ±1%, 1/10W;VISHAY;CRCW0603330KFKEA;;;330K;1%;3;;0603;75V;Fitted;
121;R42, R46, R56;Thick Film SM Chip Resistors, 110K, 0603, ±1%, 1/10W;VISHAY;CRCW0603110KFKEA;;;110K;1%;3;;0603;75V;Fitted;
122;R43;Thick Film SM Chip Resistors, 360K, 0603, ±1%, 1/10W;VISHAY;CRCW0603360KFKEA;;;360K;1%;1;;0603;75V;Fitted;
123;R53, R195, R202, R235;Thick Film SM Chip Resistors, 100K, 0402, ±1%, 1/16W;VISHAY;CRCW0402100KFKED;;;100K;1%;4;;0402;50V, [NoParam];Fitted;
124;R59;Thick Film SM Chip Resistors, 107K, 0603, ±1%, 1/10W;VISHAY;CRCW0603107KFKEA;;;107K;1%;1;;0603;75V;Fitted;
125;R60;Thick Film SM Chip Resistors, 80K6, 0402, ±1%, 1/16W;VISHAY;CRCW040280K6FKED;;;80K6;1%;1;;0402;50V;Fitted;
126;R61, R85, R102, R111, R161, R162;Thick Film SM Chip Resistors, 1K, 0402, ±1%, 1/16W;VISHAY;CRCW04021K00FKED;;;1K;1%;6;;0402;50V, [NoParam];Fitted;
127;R62;Thick Film SM Chip Resistors, 17K8, 0402, ±1%, 1/16W;VISHAY;CRCW040217K8FKTD;;;17K8;1%;1;;0402;50V;Fitted;
128;R63, R65, R80, R157, R172, R197, R198, R221, R227, R228, R252, R265, R266, R267;Thick Film SM Chip Resistors, 100R, 0402, ±1%, 1/16W;VISHAY;CRCW0402100RFKED;;;100R;1%;14;;0402;50V, [NoParam];Fitted;
129;R64, R148, R151, R154;Thick Film SM Chip Resistors, 33R, 0603, ±1%, 1/10W;VISHAY;CRCW060333R0FKE;;;33R;1%;4;;0603;75V;Fitted;
130;R66, R153;Thick Film SM Chip Resistors, 22K, 0805, ±0.1%, Anti-Surge, 1/4W, Thick Film SM Chip Resistors, 22K, 0603, ±0.1%, Anti-Surge, 1/4W;PANASONIC;ERJ-PB6B2202V;;;22K;0.1%;2;;0805;[NoParam], 150V;Fitted;
131;R68;Current Shunt Res - SMD 2512, 10mOhm, 1% , 3W, AEC-Q200;YAGEO;PA2512FKE7T0R01E;;;10mR;0,01;1;;2512-4pin;;Fitted;
132;R69;Thick Film SM Low Value Chip Resistor, 100mR, 2010, 1%, 2W;VISHAY;RCWE2010R100FKEA;;;100mR;0,01;0;;2010;300V;Not Fitted;
133;R70, R74, R125, R129, R225, R226, R241;Thick Film SM Chip Resistors, 470R, 0603, ±1%, 1/10W;VISHAY;CRCW0603470RFKEA;;;470R;1%;7;;0603;[NoParam], 75V;Fitted;
134;R71;Thick Film SM Chip Resistors, 11K1, 0805, 0.1%, 1/5W;VISHAY;TNPW080511K1BEEA;;;11K1;0,1%;1;;0805;;Fitted;
135;R72, R98, R104, R107, R112, R160, R171, R220;Thick Film SM Chip Resistors, 1K, 0402, ±0.1%, 1/16W;PANASONIC;ERA-2AEB102X;;;1K;0,1%, 0.1%;8;;0402;[NoParam], 50V;Fitted;
136;R73, R76;Thick Film SM Chip Resistors, 8K2, 0402, ±0.1%, 1/16W;PANASONIC;ERA-2ARB822*;;;8K2;0,1%;2;;0402;;Fitted;
137;R75, R77, R78, R84, R87, R90, R91, R92, R93, R95, R121, R124, R126, R127, R128, R130, R131, R132, R143, R188, R213, R215, R237, R249;Thick Film SM Chip Resistors, 10K, 0402, ±1%, 1/10W, Thick Film SM Chip Resistors, 10K, 0402, ±1%, 1/16W;VISHAY;CRCW040210K0FKED;;;10K;1%;24;;0402;[NoParam], 50V;Fitted;
138;R79;Thick Film SM Chip Resistors, 0R, 0402, 1/16W;VISHAY;CRCW04020000Z0ED;;;0R;0%;0;;0402;50V;Not Fitted;
139;R81, R116, R118, R119, R134, R135, R136, R137, R138, R139, R140, R141, R142, R210, R211, R218, R219, R229, R230, R231, R232, R233, R234;Thick Film SM Chip Resistors, 22R, 0402, ±1%, 1/16W;VISHAY;CRCW040222R0FKED;;;22R;1%;23;;0402;[NoParam], 50V;Fitted;
140;R83, R207, R236, R238, R251, R274;Thick Film SM Chip Resistors, 0R, 0402, 1/16W;VISHAY;CRCW04020000Z0ED;;;0R;0%;6;;0402;50V, [NoParam];Fitted;
141;R86;Thick Film SM Chip Resistors, 1K5, 0402, ±1%, 1/16W;VISHAY;CRCW04021K50FKED;;;1K5;1%;1;;0402;;Fitted;
142;R88;Thick Film SM Chip Resistors, 100R, 0402, ±1%, 1/16W;VISHAY;CRCW0402100RFKED;;;100R;1%;0;;0402;;Not Fitted;
143;R89, R190;Thick Film SM Chip Resistors, 200K, 0402, ±1%, 1/16W;VISHAY;CRCW0402200KFKEA;;;200K;1%;2;;0402;;Fitted;
144;R94, R214;Thick Film SM Chip Resistors, 10K, 0402, ±1%, 1/10W, Thick Film SM Chip Resistors, 10K, 0402, ±1%, 1/16W;VISHAY;CRCW040210K0FKED;;;10K;1%;0;;0402;[NoParam], 50V;Not Fitted;
145;R96, R97, R100, R101, R109, R110, R114, R115;Thick Film SM Chip Resistors, 10K2, 0402, ±0.1%, 1/16W;PANASONIC;ERA-2ARB1022*;;;10K2;0.1%;8;;0402;;Fitted;
146;R99, R103, R108, R113;Thick Film SM Chip Resistors, 777R, 0402, ±0.1%, 1/16W;VISHAY;TNPW0402777RBEED;;;777R;0.1%;4;;0402;;Fitted;
147;R105;Thin Film SM Chip Resistors, 1K96, 0402, ±0.1%, 25ppm, 1/10W;VISHAY;TNPW04021K96BEED;;;1K96;0,1%;1;;0402;;Fitted;
148;R106;Thick Film SM Chip Resistors, 249R, 0402, ±0.1%, 10ppm 1/16W;VISHAY;TNPW0402249RBYEP;;;249R;0.1%;1;;0402;;Fitted;
149;R117, R208, R209, R243;Thick Film SM Chip Resistors, 0R, 0603, 1/4W, Thick Film SM Chip Resistors, 0R, 0603, Jumper, 1/4W;VISHAY;CRCW06030000Z0EA;;;0R;0%;4;;0603;[NoParam], 75V;Fitted;
150;R123, R212;Thick Film SM Chip Resistors, 51R, 0402, ±1%, 1/16W;VISHAY;CRCW040251R0FKTD;;;51R;1%;2;;0402;50V;Fitted;
151;R133, R179;Thick Film SM Chip Resistors, 360R, 0603, ±1%, 1/10W;VISHAY;CRCW0603360RFKEA;;;360R;1%;2;;0603;;Fitted;
152;R144, R145;Thick Film SM Chip Resistors, 10K, 0603, ±1%, 1/10W;VISHAY;CRCW060310K0FKE*;;;10K;1%;2;;0603;;Fitted;
153;R150, R155, R194, R201;Thick Film SM Chip Resistors, 1K2, 0603, ±0.1%, 1/10W;YAGEO;RC0603BR-071K2L;;;1K2;0,1%;4;;0603;75V, [NoParam];Fitted;
154;R152, R184, R189;Thin Film SM Chip Resistors, 1K76, 0603, ±0.1%, 1/10W;YAGEO;RT0603BRD071K76L;;;1K76;0,1%;3;;0603;75V, [NoParam];Fitted;
155;R156;Thick Film SM Chip Resistors, 220R, 0603, ±1%, 1/10W;VISHAY;CRCW0603220RFKEA;;;220R;1%;1;;0603;;Fitted;
156;R158, R159, R167, R168;Thick Film SM Chip Resistors, 24K9, 0603, ±0.1%, 1/10W;KAMAYA;RGC1/16C2492BTP;;;24K9;0.1%;4;;0603;50V;Fitted;
157;R163;Thick Film SM Chip Resistors, 2K15, 0402, ±0.1%, 1/16W;PANASONIC;ERA-2APB2151X;;;2K15;0.1%;1;;0402;;Fitted;
158;R164, R166;Thick Film SM Chip Resistors, 4K99, 0603, ±0.1%, 1/10W;KAMAYA;RGC1/16C4991BTP;;;4K99;0.1%;2;;0603;50V;Fitted;
159;R165, R170;Thick Film SM Chip Resistors, 3K3, 0402, ±0.1%, 1/16W;YAGEO;RP0402BRD073K3L;;;3K3;0.1%;2;;0402;;Fitted;
160;R169;Thick Film SM Chip Resistors, 330R, 0402, ±0.1%, 1/16W;YAGEO;AT0402BRD07330RL;;;330R;0.1%;1;;0402;;Fitted;
161;R175, R176, R181, R186;Thick Film SM Chip Resistors, 60R4, 0603, ±1%, 1/10W;VISHAY;CRCW060360R4FKEA;;;60R4;1%;4;;0603;;Fitted;
162;R177, R178, R185, R187;Thick Film SM Chip Resistors, 10R, 0603, ±1%, 1/10W;VISHAY;CRCW060310R0FKE;;;10R;1%;0;;0603;;Not Fitted;
163;R180;Thin Film SM Chip Resistors, 1K76, 0603, ±0.1%, 1/10W;YAGEO;RT0603BRD071K76L;;;1K76;0,1%;0;;0603;;Not Fitted;
164;R204;Thick Film SM Chip Resistors, 2M4, 0402, ±1%, 1/16W;VISHAY;CRCW04022M40FKED;;;2M4;1%;1;;0402;;Fitted;
165;R205;Thick Film SM Chip Resistors, 750K, 0402, ±1%, 1/16W;VISHAY;CRCW0402750KFKED;;;750K;1%;1;;0402;;Fitted;
166;R206, R239;Thick Film SM Chip Resistors, 0R, 0603, Jumper, 1/4W;VISHAY;CRCW06030000Z0EA;;;0R;0%;0;;0603;75V;Not Fitted;
167;R222;Thick Film SM Chip Resistors, 47R, 0402, ±1%, 1/16W;VISHAY;CRCW040247R0FKTD;;;47R;1%;1;;0402;;Fitted;
168;R223, R224;Thick Film SM Chip Resistors, 22R, 0402, ±1%, 1/16W;VISHAY;CRCW040222R0FKED;;;22R;1%;0;;0402;50V, [NoParam];Not Fitted;
169;R240, R242;Thick Film SM Chip Resistors, 100R, 0603, ±1%, 1/10W;VISHAY;CRCW0603100RFKEA;;;100R;1%;2;;0603;;Fitted;
170;R244, R245, R246, R247;Thick Film SM Chip Resistors, 2K15, 0402, ±0.1%, 1/16W;PANASONIC;ERA-2APB2151X;;;2K15;0.1%;0;;0402;;Not Fitted;
171;R248;Thick Film SM Chip Resistors, 100K, 0805, ±1%, 1/8W;VISHAY;CRCW0805100KFKEA;;;100K;1%;1;;0805;;Fitted;
172;R253, R269, R270, R271;Thick Film SM Chip Resistors, 47K,  0402, ±1%, 1/16W;VISHAY;CRCW040247K0FKED;;;47K;1%;4;;0402;;Fitted;
173;R256, R258;Thick Film SM Chip Resistors, 100R, 0603, ±1%, 1/10W;VISHAY;CRCW0603100KFKEA;;;100R;1%;0;;0603;75V;Not Fitted;
174;R257;Thick Film SM Chip Resistors, 470R, 0603, ±1%, 1/10W;VISHAY;CRCW0603470RFKEA;;;470R;1%;0;;0603;75V;Not Fitted;
175;R259;Thick Film SM Chip Resistors, 200K, 0402, ±1%, 1/16W;VISHAY;CRCW0402200KFKED;;;200K;1%;1;;0402;;Fitted;
176;R260, R261, R262;Thick Film SM Chip Resistors, 1K, 0603, ±1%, 1/10W;VISHAY;CRCW06031K00FKEA;;;1K;1%;0;;0603;;Not Fitted;
177;R272, R273;Thick Film SM Chip Resistors, 147K, 0402, ±1%, 1/16W;VISHAY;CRCW0402147KFKED;;;147K;1%;2;;0402;;Fitted;
178;TP1, TP2;Occhiello PTH, 1mm, Black, Plated;Vero Tech Ltd;20-2137;;;Term Pole;;2;;PTH;;Fitted;
179;TR1;Custom EF25 six secondary winding Flyback transformer, Lp=57uH;PMA;292191601;;;PMA_292191601;;1;;;;Fitted;
180;U1;Bicmos Current Mode Pwm Controller;TI;UCC28C50QDRQ1;;;UCC28C50-Q1;;1;;SOIC-8 (D Package);;Fitted;10
181;U2;Sync Step_down Conv, 6Vin, 1.2A, Adj, Automotive, Integrated Ind, DFN12;MPS;MPM3810AGQBE-AEC1-Z;MPS;MPM3810GQB;MPM3810AGQB-AEC1;;1;;DFN12-2.5x3mm H0.9;6V;Fitted;19
182;U3, U4, U6, U9;LP2951-Q1 Automotive, Adjustable Voltage Regulators With Shutdown;TI;LP2951-50QDRGRQ1;;;LP2951-50-Q1;;4;;WSON-8 3x3;;Fitted;23
183;U5, U8, U11, U34;"Digital Isolator Automotive, general-purpose, dual-channel, 1/1 digital isolator; SOIC8";TI;ISO6721FQDWVRQ1;;;ISO6721-Q1;;4;;SOIC127P1150X280-8N;2.5-5V;Fitted;
184;U7, U12;Low Dropout Reg, High PSRR, Adj, 1.2A, DFN-6;ST;LDL212PUR;;;LDL212PUR;;2;;DFN-6 (3x3);;Fitted;9
185;U10;OptoCoupler TransOut SM-4Pin;Vishay;VOMA617A-X001T;;;VOM617A;;1;;SM-SOP4;;Fitted;9
186;U13;;TI;UCC27519AQDBVRQ1;;;UCC27519A-Q1;;1;;SOT23-5;;Fitted;10
187;U14;Current Sense Amplif, Low/high side, Bidir, ZeroDrift, fixed G=50,;ST;TSC213IYCT;;;TSC213;;1;;SC70-6;2.7-26V;Fitted;18
188;U15, U17;IC Single Analog Switch SP3T, 3:1 Mux/Demux, Autom, VSSOP8;TI;TS5A3357QDCURQ1;;;j, TS5A3357-Q1;;2;;VSSOP8;1.65-5.5V;Fitted;5
189;U16, U30, U45;High-precision (15uV), Single, EMI Hardened,Zero Drift (0.02uV/°C), SOT23-5;TI;TLV333IDBVR;;;TLV333;;3;;SOT23-5;1.8-5.5V;Fitted;33
190;U18;Load Switch 5.5 V, 1.5 A, 90-m? Self-Protected, Autom, SC70-6;TI;TPS22919QDCKRQ1;;;TPS22919-Q1;;1;;SC70-6/SOT323-6;;Fitted;26
191;U19, U47;2Ch Auto-Bidir multi-voltage level translator, VSSOP8;TI;LSF0102QDCURQ1;;;LSF0102-Q1;;2;;VSSOP8 (SM8);;Fitted;20
192;U20, U33, U36, U37, U48;"1-ch Buffer OpenDrain out, 1.65-V to 5.5-V buffer; SOT23-5";TI;SN74LVC1G07QDBVRQ1;;;SN74LVC1G07-Q1;;5;;SOT23-5;1.65-5.5;Fitted;10
193;U21, U22, U28, U29, U46;High-precision (15uV), Dual, EMI Hardened,Zero Drift (0.02uV/°C), TSSOP8;TI;TLV2333IDGKR;;;TLV2333;;5;;VSSOP-MSOP8;1.8-5.5V;Fitted;38
194;U23;MCU  Arm Cortex-M4 MCU 170 MHz -512 KB Flash, 96KB ram;STMicroelectronics;STM32G491RET3;;;STM32G491RET3;;1;;LQFP64;;Fitted;128
195;U24;SPI Flash Nor, 128Mb, 166MHz SO8, Autom;ISSI;IS25WP128F-JBLA3;;;IS25LP128F;;1;;SOiC8;2.7-3.6V;Fitted;10
196;U25;3-ch Buffer Push-Pull outs, SmithTrigger, 1.65-V to 5.5-V buffers VSSOP;TI;SN74LVC3G17DCUR;;;SN74LVC3G17;;1;;VSSOP8-TSSOP8;1.65-5.5;Fitted;14
197;U26;3-ch Buffer OpenDrain outs, 1.65-V to 5.5-V buffers VSSOP;TI;SN74LVC3G07QDCU*Q1;;;SN74LVC3G07-Q1;;1;;VSSOP8-TSSOP8;1.65-5.5;Fitted;
198;U27;3.3V Ultra Low-Power, 0.05% Precision Voltage Reference;TI;REF35330QDBVRQ1;;;REF35-Q1;;1;;SOT23-6;;Fitted;
199;U31;Galvanically-Isolated High-Speed CAN Transceiver;NXP;TJA1052IT/2Y;NXP;TJA1052IT/5Y;TJA1052IT;;1;;SO16 10,6x10,6mm;;Fitted;7
200;U32;SPST-NA, SSR, 3A SOP6;TOSHIBA;TLP3109A(TP,F;;;TLP3109A;;1;;2.54S0P6-7x6.3mm H2.1;;Fitted;5
201;U35;Dual TVS Diode Array 5V RailClamp;SEMTECH;SR05.TCT;;;SR05.TCT;;1;;SOT-143;;Fitted;26
202;U38;Load Switch 18V, 2A, 79-m? Self-Protected, Autom, SOT23-6;TI;TPS22810TDBVRQ1;;;TPS22810-Q1;;1;;SOT23-6;;Fitted;30
203;U39, U49;"Digital Isolator Automotive, general-purpose, dual-channel, 1/1 digital isolator; SOIC8";TI;ISO6720FQDWVRQ1;;;ISO6720-Q1;;2;;SOIC127P1150X280-8N;2.5-5V;Fitted;14
204;U40;Low Dropout Reg CMOS,  Adj, 100mA SOT23-5, Auto;OnSemi;NCV8711ASNADJT1G;;;NCV8711ASNADJT1G;;1;;SOT23-5;;Fitted;10
205;U41;MCU  Arm Cortex-M7 MCU 550 MHz 1MB Flash, 564KB ram;STMicroelectronics;STM32H725VGT3;;;STM32H725VGT3;;1;;LQFP100;;Fitted;
206;U42;TPS35-Q1 Voltage Supervisor & WDT, Autom, SOT23-8;TI;TPS35AA38AGADDFRQ1;;;TPS35AA38AGADDFRQ1;;1;;SOT23-8_2.9x1.6mm_DDF0008A;;Fitted;3
207;U43;GMR based Angle Sensor SO8;Infineon;TLE5012B E1000;;;TLE5012B E1000;;1;;PG-DSO-8;;Fitted;5
208;U44;Analog AMR/GMR Angle Sensor;Infineon;TLE5309D E1211;;;TLE5309D E1211;;0;;PG-TDS0-16;;Not Fitted;
209;U50;TMR Sensor 3.3Vout, 5% Err, Flag Out, 125°C DNF-6;Allegro;CT110FDV-HD6;;;CT110  +-5A;;1;;;;Fitted;
210;X1, X2;Clock Osc, Automotive, 16MHz, 30ppm, SMD-4;KYOCERA-AVX;MC3225Z16.0000C19XSH;;;;;2;;3.2x2.5mm;;Fitted;20
