name;description;category;notes;footprint;tag;quantity;storage;mass;ipn;mpn;manufacturing_status;manufacturer;supplier;spn;price;favourite;needs_review;minamount;partUnit;manufacturing_status
TLV1822DDFR;Dual Tiny Micropower Comparator Rail2Rail, 40V, OpenDrain, TSOT23-8;;AR1;;Inverte Logica;1;;;;TLV1822DDFR;;TI;Mouser;;;0;0;;;
TLH-2450;Primary Coin Cell Li-IonBatt 2450, 3.6V, 5mA, Ext Temp, Auto, PTH;;BT1;;Inverte Logica;0;;;;TLH-2450;;TADIRAN;Mouser;;;0;0;;;
GCM31B7U2E103JX01L;MLCC Automotive, 1206, 250V, 10%, X7R;;C1;;Inverte Logica;1;;;;GCM31B7U2E103JX01L;;MURATA;Mouser;;;0;0;;;
GCM1885C1H101JA16;MLCC Automotive, 0603, 50V, 5%, COG, MLCC Automotive, 100pF, 0603, 50V, 5%, COG;;C2, C166, C167;;Inverte Logica;3;;;;GCM1885C1H101JA16;;MURATA;Mouser;;;0;0;;;
8853522110031;CAP, CERAMIC 1nF 10% 250Vac (1.5KVac 60s)  - X1/Y2 1812 SM;;C3, C7, C39, C41, C43, C44, C45, C46;;Inverte Logica;8;;;;8853522110031;;WURTH ELEK;Mouser;;;0;0;;;
C2220X105KARACAUTO;MLCC Auto Soft Term, 1uF,2220, 250V, 10%, X7R;;C4, C5, C6;;Inverte Logica;3;;;;C2220X105KARACAUTO;;KEMET;Mouser;;;0;0;;;
UUB2D4R7MNL1GS;SMD, Alum Electr, Gen Purp, ULB, AEC-Q200;;C8;;Inverte Logica;1;;;;UUB2D4R7MNL1GS;;Nichicon;Mouser;;;0;0;;;
GCM32EL8EF226KE08L;MLCC Automotive, 1210, 25V, 10%, X8L;;C9, C14, C18, C30;;Inverte Logica;4;;;;GCM32EL8EF226KE08L;;MURATA;Mouser;;;0;0;;;
GCM32EL8EH106KA07;MLCC Automotive, 1210, 50V, 10%, X8L;;C10, C15, C19, C24, C31, C38;;Inverte Logica;6;;;;GCM32EL8EH106KA07;;MURATA;Mouser;;;0;0;;;
GCM188L81H104KA57;MLCC Automotive, 0603, 50V, 10%, X8L;;C11, C16, C20, C21, C25, C27, C32, C37, C51, C52, C56, C57, C58, C63, C64, C68, C69, C70, C76, C77, C79, C81, C83, C87, C140, C202, C203, C204, C205;;Inverte Logica;29;;;;GCM188L81H104KA57;;MURATA;Mouser;;;0;0;;;
UBX2C470MHL;TH, Alum Electr, High temp, UBX series;;C12, C13;;Inverte Logica;2;;;;UBX2C470MHL;;Nichicon;Mouser;;;0;0;;;
KCM55QC71E476KH13;MLCC Automotive, 2220, 25V, 10%, X7S;;C17, C23;;Inverte Logica;2;;;;KCM55QC71E476KH13;;MURATA;Mouser;;;0;0;;;
EDT476M025S9HAA;SMD, Alum Electr, Low Esr, AntiVibr, AEC-Q200;;C22, C26;;Inverte Logica;2;;;;EDT476M025S9HAA;;KEMET;Mouser;;;0;0;;;
GCM1885C1H471JA16;MLCC Automotive, 0603, 50V, 5%, COG;;C28, C90;;Inverte Logica;2;;;;GCM1885C1H471JA16;;MURATA;Mouser;;;0;0;;;
GCM1885C1H102JA16;MLCC Automotive, 0603, 50V, 10%, X7R, MLCC Automotive, 1nF, 0603, 50V, 10%, COG;;C29, C215, C216;;Inverte Logica;3;;;;GCM1885C1H102JA16;;MURATA;Mouser;;;0;0;;;
GCM219R71H334KA55;MLCC Automotive, 0603, 50V, 10%, X8L;;C33;;Inverte Logica;1;;;;GCM219R71H334KA55;;MURATA;Mouser;;;0;0;;;
GCM1885C1H561JA16;MLCC Automotive, 0603, 50V, 5%, COG;;C34, C47, C59, C72;;Inverte Logica;4;;;;GCM1885C1H561JA16;;MURATA;Mouser;;;0;0;;;
GCM21BR71E225KA73L;MLCC Automotive, 0603, 50V, 10%, X7R;;C35, C50, C62, C75, C86;;Inverte Logica;5;;;;GCM21BR71E225KA73L;;MURATA;Mouser;;;0;0;;;
GCM21BC7YA475KE36#;MLCC Automotive, 0805, 4.7uF, 35V, 20%, X7S;;C36, C54, C55, C66, C67, C120, C171;;Inverte Logica;7;;;;GCM21BC7YA475KE36#;;MURATA;Mouser;;;0;0;;;
GCM1885C1H221JA16;MLCC Automotive, 0603, 50V, 5%, COG;;C40, C180;;Inverte Logica;2;;;;GCM1885C1H221JA16;;MURATA;Mouser;;;0;0;;;
GCM1885C1H220JA16;MLCC Automotive, 0603, 50V, 5%, COG;;C42;;Inverte Logica;1;;;;GCM1885C1H220JA16;;MURATA;Mouser;;;0;0;;;
EDT107M025S9HAA;SMD, Alum Electr, Low Esr, AEC-Q200;;C48, C49, C53, C60, C61, C65, C73, C74, C84, C85;;Inverte Logica;10;;;;EDT107M025S9HAA;;KEMET;Mouser;;;0;0;;;
08055C105K4T4A;MLCC Automotive, 0805, 50V, 10%, X7R;;C71, C78, C162, C163, C169;;Inverte Logica;5;;;;08055C105K4T4A;;KYOCERA-AVX;Mouser;;;0;0;;;
GCM21BR71A106KE22K;MLCC Automotive, 0805, 10uF, 10V, 10%, X7R;;C80, C88, C135, C179, C181, C182;;Inverte Logica;6;;;;GCM21BR71A106KE22K;;MURATA;Mouser;;;0;0;;;
GCM188R71H224KA64;MLCC Automotive, 0603, 50V, 10%, X7R;;C82;;Inverte Logica;1;;;;GCM188R71H224KA64;;MURATA;Mouser;;;0;0;;;
GCM155R71H104KE02;MLCC Automotive, 0402, 50V, 10%, X7r;;C89, C91, C93, C94, C95, C97, C98, C100, C102, C103, C104, C105, C106, C107, C110, C111, C112, C115, C116, C118, C121, C122, C123, C124, C127, C128, C129, C130, C131, C136, C138, C143, C144, C145, C146, C147, C148, C150, C151, C156, C157, C158, C159, C160, C164, C165, C170, C172, C173, C174, C175, C176, C177, C178, C183, C184, C186, C188, C189, C191, C192, C193, C194, C195, C208, C209, C210;;Inverte Logica;67;;;;GCM155R71H104KE02;;MURATA;Mouser;;;0;0;;;
GCM155R71H103KA55*;MLCC Automotive, 10nF, 0402, 25V, 10%, X7r;;C92, C96, C109, C114;;Inverte Logica;4;;;;GCM155R71H103KA55*;;MURATA;Mouser;;;0;0;;;
GCM155R71H104KE02;MLCC Automotive, 0402, 50V, 10%, X7r;;C99, C142, C196, C199;;Inverte Logica;0;;;;GCM155R71H104KE02;;MURATA;Mouser;;;0;0;;;
GCM188R72A103KA37;MLCC Automotive, 0603, 100V, 10%, X7R, MLCC Automotive, 10nF, 0603, 100V, 10%, X7R;;C101, C211, C212;;Inverte Logica;0;;;;GCM188R72A103KA37;;MURATA;Mouser;;;0;0;;;
GCM155R71E183KA55*;MLCC Automotive, 18nF, 0402, 25V, 10%, X7r;;C108, C113;;Inverte Logica;2;;;;GCM155R71E183KA55*;;MURATA;Mouser;;;0;0;;;
GCM188R71C105KA64J;MLCC Automotive, 1uF, 0603, 16V, 10%, X7R;;C117, C119, C134, C149, C168, C185, C187, C207, C214, C217;;Inverte Logica;10;;;;GCM188R71C105KA64J;;MURATA;Mouser;;;0;0;;;
GCM1555C1H6R8BA16*;MLCC Automotive, 6.8pF,0402, 50V, 5%, COG(NPO);;C125, C126;;Inverte Logica;2;;;;GCM1555C1H6R8BA16*;;MURATA;Mouser;;;0;0;;;
GCM188R72A103KA37;MLCC Automotive, 0603, 100V, 10%, X7R;;C132, C206;;Inverte Logica;2;;;;GCM188R72A103KA37;;MURATA;Mouser;;;0;0;;;
GCM155R71E223KA55;MLCC Automotive, 22nF, 0402, 25V, 10%, X7r;;C133, C139, C141;;Inverte Logica;3;;;;GCM155R71E223KA55;;MURATA;Mouser;;;0;0;;;
GCM188R71C105KA64J;MLCC Automotive, 1uF, 0603, 16V, 10%, X7R;;C137;;Inverte Logica;0;;;;GCM188R71C105KA64J;;MURATA;Mouser;;;0;0;;;
GCM1555C1H470JA16;MLCC Automotive, 47pF, 0402, 50V, 5%, COG;;C152, C153;;Inverte Logica;2;;;;GCM1555C1H470JA16;;MURATA;Mouser;;;0;0;;;
GCM155L81H472KA37*;MLCC Automotive, 4.7nF, 0402, 25V, 10%, X7r;;C154;;Inverte Logica;1;;;;GCM155L81H472KA37*;;MURATA;Mouser;;;0;0;;;
VJ2220Y222KXUSTX1;CAP, CERAMIC 2.2nF 10% 250Vac (1.5KVac 60s)  - X1/Y2 2220 SM;;C155;;Inverte Logica;1;;;;VJ2220Y222KXUSTX1;;VISHAY;Mouser;;;0;0;;;
MSASE21GBB5226MTNA01;MLCC, Gen Purpose, 0805, 16V,20%, X5R;;C161;;Inverte Logica;1;;;;MSASE21GBB5226MTNA01;;TAIYO YUDEN;Mouser;;;0;0;;;
GCM188R71C334KA37J;MLCC Automotive, 330nF, 0603, 16V, 10%, X7R;;C190;;Inverte Logica;1;;;;GCM188R71C334KA37J;;MURATA;Mouser;;;0;0;;;
GCM155R71H473KE02J;MLCC Automotive, 47nF, 0402, 50V, 10%, X7r;;C197, C198, C200, C201;;Inverte Logica;0;;;;GCM155R71H473KE02J;;MURATA;Mouser;;;0;0;;;
GCM1555C1H6R8BA16*;MLCC Automotive, 6.8pF,0402, 50V, 5%, COG(NPO);;C213;;Inverte Logica;0;;;;GCM1555C1H6R8BA16*;;MURATA;Mouser;;;0;0;;;
S320;Schottky Rectifier Diode 3A 200V SMB;;D1;;Inverte Logica;1;;;;S320;;OnSemi;Mouser;;;0;0;;;
BZW50-82B;TVS Bidir 82V 5KW PTH-Vertical;;D2;;Inverte Logica;1;;;;BZW50-82B;;ST;Mouser;;;0;0;;;
STTH102AY;Ultafast Rectifier Diode 1A 200V SMA;;D3, D5, D6, D7, D8, D10, D11;;Inverte Logica;7;;;;STTH102AY;;ST;Mouser;;;0;0;;;
SM30T30AY;TVS Uniir 30V SMA;;D4, D39;;Inverte Logica;2;;;;SM30T30AY;;ST;Mouser;;;0;0;;;
STPST5H100SF;Shottky Rectifier Diode 5A 100V Automotive 2A-K PSMC;;D9, D29;;Inverte Logica;2;;;;STPST5H100SF;;ST;Mouser;;;0;0;;;
;;;;;Inverte Logica;;;;;;;;Mouser;;;0;0;;;
MBR0540-TP;Schottky Rectifier Diode 0.5A 40V SOD123;;D12, D14, D15, D16, D17, D18, D21;;Inverte Logica;7;;;;MBR0540-TP;;MCC;Mouser;;;0;0;;;
;Voltage Reference TL43z 0.5% AEC;;D13;;Inverte Logica;1;;;;;;;Mouser;;;0;0;;;
SM6T75AY;TVS Uniir 75V SMA;;D19;;Inverte Logica;0;;;;SM6T75AY;;ST;Mouser;;;0;0;;;
BAT54S;Dual Schottky Diode,  Dual Series, SOT23, 0.2A, 30V;;D20, D22, D24, D25, D38;;Inverte Logica;5;;;;BAT54S;;NEXPERIA;Mouser;;;0;0;;;
1SS405;Single Schottky, High Switching, 50mA, SOD523, 20V;;D23, D27, D28, D34, D35;;Inverte Logica;5;;;;1SS405;;TOSHIBA;Mouser;;;0;0;;;
PESD2CANFD24LT-QR;Dual TVS for CAN ESD protection SOT23-3;;D26;;Inverte Logica;1;;;;PESD2CANFD24LT-QR;;NEXPERIA;Mouser;;;0;0;;;
SMA6T12CAY;TVS Bidir 12V SMA;;D30, D36, D37;;Inverte Logica;3;;;;SMA6T12CAY;;ST;Mouser;;;0;0;;;
ESDALC6V1W5;4Ch Transil array for data 6V1, SOT323-5;;D31, D32;;Inverte Logica;2;;;;ESDALC6V1W5;;ST;Mouser;;;0;0;;;
BAT54AWFILMY;Dual Schottky Diode,  Common Anode, SOT323-3, 0.2A, 40V, Auto;;D33;;Inverte Logica;1;;;;BAT54AWFILMY;;ST;Mouser;;;0;0;;;
SML-D12Y8WT86C;LED standard - SMD Yel 590nm 6.3mcd 2.2 V, 20mA, 0603 AECQ-102;;DL1;;Inverte Logica;1;;;;SML-D12Y8WT86C;;ROHM;Mouser;;;0;0;;;
SML-D12P8WT86C;LED standard - SMD Grn 560nm 6.3mcd 2.2 V, 20mA, 0603 AECQ-102;;DL2, DL4, DL6, DL7, DL8, DL9, DL11;;Inverte Logica;7;;;;SML-D12P8WT86C;;ROHM;Mouser;;;0;0;;;
SML-D12P8WT86C;"LED standard - SMD Grn 560nm 6.3mcd 2.2 V; 20mA; 0603 AECQ-102";;DL3, DL5;;Inverte Logica;0;;;;SML-D12P8WT86C;;ROHM;Mouser;;;0;0;;;
SML-D12U8WT86C;LED standard - SMD Red 620nm 63mcd 2.2 V, 20mA, 0603 AECQ-102;;DL10, DL12;;Inverte Logica;2;;;;SML-D12U8WT86C;;ROHM;Mouser;;;0;0;;;
BZT52H-B15;Zener Diode 2% SOD123;;DZ1, DZ2, DZ4, DZ5;;Inverte Logica;4;;;;BZT52H-B15;;Nexperia;Mouser;;;0;0;;;
BZT52H-B18;Zener Diode 2% SOD123;;DZ3, DZ11;;Inverte Logica;2;;;;BZT52H-B18;;Nexperia;Mouser;;;0;0;;;
BZT52H-B6V8;Zener Diode 2% SOD123;;DZ6;;Inverte Logica;1;;;;BZT52H-B6V8;;Nexperia;Mouser;;;0;0;;;
BZT52H-B5V1;Zener Diode 2% SOD123;;DZ7, DZ8, DZ9, DZ10;;Inverte Logica;4;;;;BZT52H-B5V1;;Nexperia;Mouser;;;0;0;;;
045401.5MR;454 Series Nano2 Fuse Slo-Blo, 1.5A, 125V, SMD;;F1;;Inverte Logica;1;;;;045401.5MR;;LITTLEFUSE;Mouser;;;0;0;;;
RF1350-000;Resettable Fuse PPTC, 50mA Hold, 150mA Trip, 3.6R min, 30V;;F2, F3;;Inverte Logica;2;;;;RF1350-000;;LITTLEFUSE;Mouser;;;0;0;;;
BLE18PS080SH1#;SMD EMI Suppression Ferrite Bead 120R, 0603;;FB1, FB2, FB4, FB6, FB11, FB12;;Inverte Logica;6;;;;BLE18PS080SH1#;;MURATA;Mouser;;;0;0;;;
BLM21PG221SH1D;SMD EMI Suppression Ferrite Bead 220R, 0805;;FB3;;Inverte Logica;1;;;;BLM21PG221SH1D;;MURATA;Mouser;;;0;0;;;
BLM18HE601SH1D;SMD EMI Suppression Ferrite Bead 600R, 0603, For DC Power;;FB5, FB8, FB13, FB14;;Inverte Logica;4;;;;BLM18HE601SH1D;;MURATA;Mouser;;;0;0;;;
BLM18AG121BH1D;SMD EMI Suppression Ferrite Bead 120R, 0603;;FB7, FB9, FB10, FB17;;Inverte Logica;4;;;;BLM18AG121BH1D;;MURATA;Mouser;;;0;0;;;
BLM18AG121BH1D;SMD EMI Suppression Ferrite Bead 120R, 0603;;FB15, FB16;;Inverte Logica;0;;;;BLM18AG121BH1D;;MURATA;Mouser;;;0;0;;;
TLRZ1JTTD;Metal Plate chip Jumper 0603;;J1;;Inverte Logica;0;;;;TLRZ1JTTD;;KOA SPEER;Mouser;;;0;0;;;
TLRZ1JTTD;Metal Plate chip Jumper 0603;;J2;;Inverte Logica;1;;;;TLRZ1JTTD;;KOA SPEER;Mouser;;;0;0;;;
744045330;EMI Filtering Inductor WE-LQ SMT, 33uH, 320mA,;;L1;;Inverte Logica;1;;;;744045330;;WE;Mouser;;;0;0;;;
APPM00070638302XY0;CMC APPM Series, 3KOhm, 900mA, SMT;;L2;;Inverte Logica;1;;;;APPM00070638302XY0;;Pulse/Chilisin;Mouser;;;0;0;;;
ACT1210-510-2P-TL00;CMC for CanBus, 2k7, 200mA, Autom, SMT;;L3;;Inverte Logica;1;;;;ACT1210-510-2P-TL00;;TDK;Mouser;;;0;0;;;
DFE2MCAH2R2MJ0L;Chip Coil 2.2uH, 1.4A, 2016, AEC-Q200;;L4;;Inverte Logica;1;;;;DFE2MCAH2R2MJ0L;;MURATA;Mouser;;;0;0;;;
11300AA0007.9;Plastic double insertion spacer;;M1, M2;;Inverte Logica;2;;;;11300AA0007.9;;FastPoint;Mouser;;;0;0;;;
CLT-120-02-L-D-BE-A-K-TR;Samtech Tiger-Claw 2x20 Socket, pitch 2mm, Low Profile, Bottom Entry;;P1;;Inverte Logica;1;;;;CLT-120-02-L-D-BE-A-K-TR;;Samtec;Mouser;;;0;0;;;
CLT-110-02-L-D-BE-A-K-TR;Samtech Tiger-Claw 2x10 Socket, pitch 2mm, Low Profile, Bottom Entry;;P2;;Inverte Logica;1;;;;CLT-110-02-L-D-BE-A-K-TR;;Samtec;Mouser;;;0;0;;;
TMM-111-01-F-D-SM-A-P-TR;Samtech TMM Tiger-Claw 2x11 Header, pitch 2mm;;P3;;Inverte Logica;1;;;;TMM-111-01-F-D-SM-A-P-TR;;Samtec;Mouser;;;0;0;;;
TBLH13-500-02BK;Therminal Block 2 Poles, PTH, Screwless, Horizontal, 3.50 Pitch, 24~16 (AWG);;P4;;Inverte Logica;1;;;;TBLH13-500-02BK;;CUI;Mouser;;;0;0;;;
G88MP081028CREU;Conn MicroPowerPlus 4x2, PiP, pitch 3mm, 12,5A, Vertical;;P5;;Inverte Logica;1;;;;G88MP081028CREU;;Amphenol;Mouser;;;0;0;;;
FTSH-105-01-L-DV-K;Samtech FTSH Header, 10pin (5x2), pitch 1.27mm, for Arm Jtag;;P6, P7;;Inverte Logica;0;;;;FTSH-105-01-L-DV-K;;SAMTEC;Mouser;;;0;0;;;
FTSH-107-01-L-DV-K;Samtech FTSH Header, 14pin (7x2), pitch 1.27mm, for Arm Jtag;;P8, P9;;Inverte Logica;2;;;;FTSH-107-01-L-DV-K;;SAMTEC;Mouser;;;0;0;;;
653105124022;WR-WTB SMT Male Vertical Shrouded Header, pitch 1.25mm, 5p;;P10;;Inverte Logica;1;;;;653105124022;;WURTH EL;Mouser;;;0;0;;;
STD16N60M2;N-channel 600 V, 280mR typ., 12 A MDmesh M2 Power MOSFET;;Q1;;Inverte Logica;1;;;;STD16N60M2;;ST;Mouser;;;0;0;;;
BC847C-QR;NPN general purpose transistors;;Q2, Q3, Q15, Q17;;Inverte Logica;4;;;;BC847C-QR;;NEXPERIA;Mouser;;;0;0;;;
NHDTC143ZUX;NPN  Digital Transistor, R1=4k7 R2=47k, SOT323;;Q4, Q6, Q7, Q10, Q11, Q12, Q13, Q14;;Inverte Logica;8;;;;NHDTC143ZUX;;NEXPERIA;Mouser;;;0;0;;;
NVS4001NT1G;N-Channel 30V, 1R5@2.5Vgs, 270mA, AEC-Q101, SC70-3;;Q5;;Inverte Logica;1;;;;NVS4001NT1G;;ONSEMI;Mouser;;;0;0;;;
STB28N60M2;N-channel 600 V, 135mR typ., 22 A MDmesh M2 Power MOSFET;;Q8;;Inverte Logica;1;;;;STB28N60M2;;ST;Mouser;;;0;0;;;
ISC16DP15LMATMA1;P-Channel 150V, 160mR typ, 22A Optimos;;Q9;;Inverte Logica;1;;;;ISC16DP15LMATMA1;;INFINEON;Mouser;;;0;0;;;
FDN304P;P-Channel 20V, 100mR@1.8Vgs, 2.4A, SOT23;;Q16;;Inverte Logica;1;;;;FDN304P;;;Mouser;;;0;0;;;
CM7V-T1A-32.768kHz-7pF-20PPM-TB-QA;Quartz 32768Hz,20ppm, Cl=7pF, Auto, SMD2;;QZ1;;Inverte Logica;1;;;;CM7V-T1A-32.768kHz-7pF-20PPM-TB-QA;;Micro Crystal;Mouser;;;0;0;;;
CRCW120618R0FKEAC;Thick Film SM Chip Resistors, 18R, 1206, ±1%, 1/4W;;R1, R2;;Inverte Logica;0;;;;CRCW120618R0FKEAC;;VISHAY;Mouser;;;0;0;;;
CRCW060347K0FKEA;Thick Film SM Chip Resistors, 47K,  0603, ±1%, 1/10W;;R3, R4, R146;;Inverte Logica;3;;;;CRCW060347K0FKEA;;VISHAY;Mouser;;;0;0;;;
CRCW120639K0FKEA;Thick Film SM Chip Resistors, 39K, 1206, ±1%, 1/4W;;R5, R6;;Inverte Logica;2;;;;CRCW120639K0FKEA;;VISHAY;Mouser;;;0;0;;;
CRCW060310R0FKE;Thick Film SM Chip Resistors, 10R, 0603, ±1%, 1/10W;;R7, R173, R174, R182, R183, R191;;Inverte Logica;6;;;;CRCW060310R0FKE;;VISHAY;Mouser;;;0;0;;;
CRCW08056R20FKEA;Thick Film SM Chip Resistors, 6R2, 0805, ±1%, 1/5W;;R8;;Inverte Logica;1;;;;CRCW08056R20FKEA;;VISHAY;Mouser;;;0;0;;;
CRCW06031K00FKEA;Thick Film SM Chip Resistors, 1K, 0603, ±1%, 1/10W;;R9, R82, R120, R216, R255, R263, R268;;Inverte Logica;7;;;;CRCW06031K00FKEA;;VISHAY;Mouser;;;0;0;;;
RCWE2010R560FKEA;Thick Film SM Low Value Chip Resistor, 560mR, 2010, 1%, 2W;;R10;;Inverte Logica;1;;;;RCWE2010R560FKEA;;VISHAY;Mouser;;;0;0;;;
CRCW06039K76FKEA;Thick Film SM Chip Resistors, 9K76, 0603, ±1%, 1/10W;;R11;;Inverte Logica;1;;;;CRCW06039K76FKEA;;VISHAY;Mouser;;;0;0;;;
CRCW0603768RFKEA;Thick Film SM Chip Resistors, 768R, 0603, ±1%, 1/10W;;R12, R23;;Inverte Logica;2;;;;CRCW0603768RFKEA;;VISHAY;Mouser;;;0;0;;;
CRCW06033K65FKEA;Thick Film SM Chip Resistors, 3K65, 0603, ±1%, 1/10W;;R13;;Inverte Logica;1;;;;CRCW06033K65FKEA;;VISHAY;Mouser;;;0;0;;;
CRCW060320K0FKE;Thick Film SM Chip Resistors, 20K, 0603, ±1%, 1/10W;;R14, R147;;Inverte Logica;2;;;;CRCW060320K0FKE;;VISHAY;Mouser;;;0;0;;;
CRCW060315K4FKEA;Thick Film SM Chip Resistors, 15K4, 0603, ±1%, 1/10W;;R15;;Inverte Logica;1;;;;CRCW060315K4FKEA;;VISHAY;Mouser;;;0;0;;;
TNPW06036K26BEEA;Thick Film SM Chip Resistors, 6K26, 0603, ±0.1%, 1/10W;;R16;;Inverte Logica;1;;;;TNPW06036K26BEEA;;VISHAY;Mouser;;;0;0;;;
CRCW06031K62FKEA;Thick Film SM Chip Resistors, 1K62 0603, ±1%, 1/10W;;R17, R67, R122, R217;;Inverte Logica;4;;;;CRCW06031K62FKEA;;VISHAY;Mouser;;;0;0;;;
CRCW0603162RFKEA;Thick Film SM Chip Resistors, 162R, 0603, ±1%, 1/10W;;R18;;Inverte Logica;1;;;;CRCW0603162RFKEA;;VISHAY;Mouser;;;0;0;;;
CRCW06034K99FKEA;Thick Film SM Chip Resistors, 4K99, 0603, ±1%, 1/10W;;R19, R254;;Inverte Logica;2;;;;CRCW06034K99FKEA;;VISHAY;Mouser;;;0;0;;;
CRCW060345K3FKEA;Thick Film SM Chip Resistors, 45K3,  0603, ±1%, 1/10W;;R20;;Inverte Logica;1;;;;CRCW060345K3FKEA;;VISHAY;Mouser;;;0;0;;;
CRCW06033K90FKEA;Thick Film SM Chip Resistors, 3K9, 0603, ±1%, 1/10W;;R21, R25, R26, R36, R37, R48, R49;;Inverte Logica;7;;;;CRCW06033K90FKEA;;VISHAY;Mouser;;;0;0;;;
CRCW0603845RFKEA;Thick Film SM Chip Resistors, 845R, 0603, ±1%, 1/10W;;R22;;Inverte Logica;1;;;;CRCW0603845RFKEA;;VISHAY;Mouser;;;0;0;;;
CRCW06031M00FKEB;Thick Film SM Chip Resistors, 1Meg, 0603, ±1%, 1/10W;;R24, R35, R47, R57, R196, R203;;Inverte Logica;6;;;;CRCW06031M00FKEB;;VISHAY;Mouser;;;0;0;;;
CRCW0603115KFKEA;Thick Film SM Chip Resistors, 115K, 0603, ±1%, 1/10W;;R27, R38, R50;;Inverte Logica;0;;;;CRCW0603115KFKEA;;VISHAY;Mouser;;;0;0;;;
CRCW0603470KFKEA;Thick Film SM Chip Resistors, 470K, 0603, ±1%, 1/10W;;R28, R29, R39, R51, R250;;Inverte Logica;5;;;;CRCW0603470KFKEA;;VISHAY;Mouser;;;0;0;;;
CRCW04021K00FKED;Thick Film SM Chip Resistors, 1K, 0402, ±1%, 1/16W;;R30, R44;;Inverte Logica;0;;;;CRCW04021K00FKED;;VISHAY;Mouser;;;0;0;;;
CRCW06033K30FKEA;Thick Film SM Chip Resistors, 3K3, 0603, ±1%, 1/10W;;R31, R40, R52, R58, R149, R192, R193, R199, R200, R264;;Inverte Logica;10;;;;CRCW06033K30FKEA;;VISHAY;Mouser;;;0;0;;;
CRCW0603115KFKEA;Thick Film SM Chip Resistors, 115K, 0603, ±1%, 1/10W;;R32, R33, R41, R54;;Inverte Logica;4;;;;CRCW0603115KFKEA;;VISHAY;Mouser;;;0;0;;;
CRCW0603330KFKEA;Thick Film SM Chip Resistors, 330K, 0603, ±1%, 1/10W;;R34, R45, R55;;Inverte Logica;3;;;;CRCW0603330KFKEA;;VISHAY;Mouser;;;0;0;;;
CRCW0603110KFKEA;Thick Film SM Chip Resistors, 110K, 0603, ±1%, 1/10W;;R42, R46, R56;;Inverte Logica;3;;;;CRCW0603110KFKEA;;VISHAY;Mouser;;;0;0;;;
CRCW0603360KFKEA;Thick Film SM Chip Resistors, 360K, 0603, ±1%, 1/10W;;R43;;Inverte Logica;1;;;;CRCW0603360KFKEA;;VISHAY;Mouser;;;0;0;;;
CRCW0402100KFKED;Thick Film SM Chip Resistors, 100K, 0402, ±1%, 1/16W;;R53, R195, R202, R235;;Inverte Logica;4;;;;CRCW0402100KFKED;;VISHAY;Mouser;;;0;0;;;
CRCW0603107KFKEA;Thick Film SM Chip Resistors, 107K, 0603, ±1%, 1/10W;;R59;;Inverte Logica;1;;;;CRCW0603107KFKEA;;VISHAY;Mouser;;;0;0;;;
CRCW040280K6FKED;Thick Film SM Chip Resistors, 80K6, 0402, ±1%, 1/16W;;R60;;Inverte Logica;1;;;;CRCW040280K6FKED;;VISHAY;Mouser;;;0;0;;;
CRCW04021K00FKED;Thick Film SM Chip Resistors, 1K, 0402, ±1%, 1/16W;;R61, R85, R102, R111, R161, R162;;Inverte Logica;6;;;;CRCW04021K00FKED;;VISHAY;Mouser;;;0;0;;;
CRCW040217K8FKTD;Thick Film SM Chip Resistors, 17K8, 0402, ±1%, 1/16W;;R62;;Inverte Logica;1;;;;CRCW040217K8FKTD;;VISHAY;Mouser;;;0;0;;;
CRCW0402100RFKED;Thick Film SM Chip Resistors, 100R, 0402, ±1%, 1/16W;;R63, R65, R80, R157, R172, R197, R198, R221, R227, R228, R252, R265, R266, R267;;Inverte Logica;14;;;;CRCW0402100RFKED;;VISHAY;Mouser;;;0;0;;;
CRCW060333R0FKE;Thick Film SM Chip Resistors, 33R, 0603, ±1%, 1/10W;;R64, R148, R151, R154;;Inverte Logica;4;;;;CRCW060333R0FKE;;VISHAY;Mouser;;;0;0;;;
ERJ-PB6B2202V;Thick Film SM Chip Resistors, 22K, 0805, ±0.1%, Anti-Surge, 1/4W, Thick Film SM Chip Resistors, 22K, 0603, ±0.1%, Anti-Surge, 1/4W;;R66, R153;;Inverte Logica;2;;;;ERJ-PB6B2202V;;PANASONIC;Mouser;;;0;0;;;
PA2512FKE7T0R01E;Current Shunt Res - SMD 2512, 10mOhm, 1% , 3W, AEC-Q200;;R68;;Inverte Logica;1;;;;PA2512FKE7T0R01E;;YAGEO;Mouser;;;0;0;;;
RCWE2010R100FKEA;Thick Film SM Low Value Chip Resistor, 100mR, 2010, 1%, 2W;;R69;;Inverte Logica;0;;;;RCWE2010R100FKEA;;VISHAY;Mouser;;;0;0;;;
CRCW0603470RFKEA;Thick Film SM Chip Resistors, 470R, 0603, ±1%, 1/10W;;R70, R74, R125, R129, R225, R226, R241;;Inverte Logica;7;;;;CRCW0603470RFKEA;;VISHAY;Mouser;;;0;0;;;
TNPW080511K1BEEA;Thick Film SM Chip Resistors, 11K1, 0805, 0.1%, 1/5W;;R71;;Inverte Logica;1;;;;TNPW080511K1BEEA;;VISHAY;Mouser;;;0;0;;;
ERA-2AEB102X;Thick Film SM Chip Resistors, 1K, 0402, ±0.1%, 1/16W;;R72, R98, R104, R107, R112, R160, R171, R220;;Inverte Logica;8;;;;ERA-2AEB102X;;PANASONIC;Mouser;;;0;0;;;
ERA-2ARB822*;Thick Film SM Chip Resistors, 8K2, 0402, ±0.1%, 1/16W;;R73, R76;;Inverte Logica;2;;;;ERA-2ARB822*;;PANASONIC;Mouser;;;0;0;;;
CRCW040210K0FKED;Thick Film SM Chip Resistors, 10K, 0402, ±1%, 1/10W, Thick Film SM Chip Resistors, 10K, 0402, ±1%, 1/16W;;R75, R77, R78, R84, R87, R90, R91, R92, R93, R95, R121, R124, R126, R127, R128, R130, R131, R132, R143, R188, R213, R215, R237, R249;;Inverte Logica;24;;;;CRCW040210K0FKED;;VISHAY;Mouser;;;0;0;;;
CRCW04020000Z0ED;Thick Film SM Chip Resistors, 0R, 0402, 1/16W;;R79;;Inverte Logica;0;;;;CRCW04020000Z0ED;;VISHAY;Mouser;;;0;0;;;
CRCW040222R0FKED;Thick Film SM Chip Resistors, 22R, 0402, ±1%, 1/16W;;R81, R116, R118, R119, R134, R135, R136, R137, R138, R139, R140, R141, R142, R210, R211, R218, R219, R229, R230, R231, R232, R233, R234;;Inverte Logica;23;;;;CRCW040222R0FKED;;VISHAY;Mouser;;;0;0;;;
CRCW04020000Z0ED;Thick Film SM Chip Resistors, 0R, 0402, 1/16W;;R83, R207, R236, R238, R251, R274;;Inverte Logica;6;;;;CRCW04020000Z0ED;;VISHAY;Mouser;;;0;0;;;
CRCW04021K50FKED;Thick Film SM Chip Resistors, 1K5, 0402, ±1%, 1/16W;;R86;;Inverte Logica;1;;;;CRCW04021K50FKED;;VISHAY;Mouser;;;0;0;;;
CRCW0402100RFKED;Thick Film SM Chip Resistors, 100R, 0402, ±1%, 1/16W;;R88;;Inverte Logica;0;;;;CRCW0402100RFKED;;VISHAY;Mouser;;;0;0;;;
CRCW0402200KFKEA;Thick Film SM Chip Resistors, 200K, 0402, ±1%, 1/16W;;R89, R190;;Inverte Logica;2;;;;CRCW0402200KFKEA;;VISHAY;Mouser;;;0;0;;;
CRCW040210K0FKED;Thick Film SM Chip Resistors, 10K, 0402, ±1%, 1/10W, Thick Film SM Chip Resistors, 10K, 0402, ±1%, 1/16W;;R94, R214;;Inverte Logica;0;;;;CRCW040210K0FKED;;VISHAY;Mouser;;;0;0;;;
ERA-2ARB1022*;Thick Film SM Chip Resistors, 10K2, 0402, ±0.1%, 1/16W;;R96, R97, R100, R101, R109, R110, R114, R115;;Inverte Logica;8;;;;ERA-2ARB1022*;;PANASONIC;Mouser;;;0;0;;;
TNPW0402777RBEED;Thick Film SM Chip Resistors, 777R, 0402, ±0.1%, 1/16W;;R99, R103, R108, R113;;Inverte Logica;4;;;;TNPW0402777RBEED;;VISHAY;Mouser;;;0;0;;;
TNPW04021K96BEED;Thin Film SM Chip Resistors, 1K96, 0402, ±0.1%, 25ppm, 1/10W;;R105;;Inverte Logica;1;;;;TNPW04021K96BEED;;VISHAY;Mouser;;;0;0;;;
TNPW0402249RBYEP;Thick Film SM Chip Resistors, 249R, 0402, ±0.1%, 10ppm 1/16W;;R106;;Inverte Logica;1;;;;TNPW0402249RBYEP;;VISHAY;Mouser;;;0;0;;;
CRCW06030000Z0EA;Thick Film SM Chip Resistors, 0R, 0603, 1/4W, Thick Film SM Chip Resistors, 0R, 0603, Jumper, 1/4W;;R117, R208, R209, R243;;Inverte Logica;4;;;;CRCW06030000Z0EA;;VISHAY;Mouser;;;0;0;;;
CRCW040251R0FKTD;Thick Film SM Chip Resistors, 51R, 0402, ±1%, 1/16W;;R123, R212;;Inverte Logica;2;;;;CRCW040251R0FKTD;;VISHAY;Mouser;;;0;0;;;
CRCW0603360RFKEA;Thick Film SM Chip Resistors, 360R, 0603, ±1%, 1/10W;;R133, R179;;Inverte Logica;2;;;;CRCW0603360RFKEA;;VISHAY;Mouser;;;0;0;;;
CRCW060310K0FKE*;Thick Film SM Chip Resistors, 10K, 0603, ±1%, 1/10W;;R144, R145;;Inverte Logica;2;;;;CRCW060310K0FKE*;;VISHAY;Mouser;;;0;0;;;
RC0603BR-071K2L;Thick Film SM Chip Resistors, 1K2, 0603, ±0.1%, 1/10W;;R150, R155, R194, R201;;Inverte Logica;4;;;;RC0603BR-071K2L;;YAGEO;Mouser;;;0;0;;;
RT0603BRD071K76L;Thin Film SM Chip Resistors, 1K76, 0603, ±0.1%, 1/10W;;R152, R184, R189;;Inverte Logica;3;;;;RT0603BRD071K76L;;YAGEO;Mouser;;;0;0;;;
CRCW0603220RFKEA;Thick Film SM Chip Resistors, 220R, 0603, ±1%, 1/10W;;R156;;Inverte Logica;1;;;;CRCW0603220RFKEA;;VISHAY;Mouser;;;0;0;;;
RGC1/16C2492BTP;Thick Film SM Chip Resistors, 24K9, 0603, ±0.1%, 1/10W;;R158, R159, R167, R168;;Inverte Logica;4;;;;RGC1/16C2492BTP;;KAMAYA;Mouser;;;0;0;;;
ERA-2APB2151X;Thick Film SM Chip Resistors, 2K15, 0402, ±0.1%, 1/16W;;R163;;Inverte Logica;1;;;;ERA-2APB2151X;;PANASONIC;Mouser;;;0;0;;;
RGC1/16C4991BTP;Thick Film SM Chip Resistors, 4K99, 0603, ±0.1%, 1/10W;;R164, R166;;Inverte Logica;2;;;;RGC1/16C4991BTP;;KAMAYA;Mouser;;;0;0;;;
RP0402BRD073K3L;Thick Film SM Chip Resistors, 3K3, 0402, ±0.1%, 1/16W;;R165, R170;;Inverte Logica;2;;;;RP0402BRD073K3L;;YAGEO;Mouser;;;0;0;;;
AT0402BRD07330RL;Thick Film SM Chip Resistors, 330R, 0402, ±0.1%, 1/16W;;R169;;Inverte Logica;1;;;;AT0402BRD07330RL;;YAGEO;Mouser;;;0;0;;;
CRCW060360R4FKEA;Thick Film SM Chip Resistors, 60R4, 0603, ±1%, 1/10W;;R175, R176, R181, R186;;Inverte Logica;4;;;;CRCW060360R4FKEA;;VISHAY;Mouser;;;0;0;;;
CRCW060310R0FKE;Thick Film SM Chip Resistors, 10R, 0603, ±1%, 1/10W;;R177, R178, R185, R187;;Inverte Logica;0;;;;CRCW060310R0FKE;;VISHAY;Mouser;;;0;0;;;
RT0603BRD071K76L;Thin Film SM Chip Resistors, 1K76, 0603, ±0.1%, 1/10W;;R180;;Inverte Logica;0;;;;RT0603BRD071K76L;;YAGEO;Mouser;;;0;0;;;
CRCW04022M40FKED;Thick Film SM Chip Resistors, 2M4, 0402, ±1%, 1/16W;;R204;;Inverte Logica;1;;;;CRCW04022M40FKED;;VISHAY;Mouser;;;0;0;;;
CRCW0402750KFKED;Thick Film SM Chip Resistors, 750K, 0402, ±1%, 1/16W;;R205;;Inverte Logica;1;;;;CRCW0402750KFKED;;VISHAY;Mouser;;;0;0;;;
CRCW06030000Z0EA;Thick Film SM Chip Resistors, 0R, 0603, Jumper, 1/4W;;R206, R239;;Inverte Logica;0;;;;CRCW06030000Z0EA;;VISHAY;Mouser;;;0;0;;;
CRCW040247R0FKTD;Thick Film SM Chip Resistors, 47R, 0402, ±1%, 1/16W;;R222;;Inverte Logica;1;;;;CRCW040247R0FKTD;;VISHAY;Mouser;;;0;0;;;
CRCW040222R0FKED;Thick Film SM Chip Resistors, 22R, 0402, ±1%, 1/16W;;R223, R224;;Inverte Logica;0;;;;CRCW040222R0FKED;;VISHAY;Mouser;;;0;0;;;
CRCW0603100RFKEA;Thick Film SM Chip Resistors, 100R, 0603, ±1%, 1/10W;;R240, R242;;Inverte Logica;2;;;;CRCW0603100RFKEA;;VISHAY;Mouser;;;0;0;;;
ERA-2APB2151X;Thick Film SM Chip Resistors, 2K15, 0402, ±0.1%, 1/16W;;R244, R245, R246, R247;;Inverte Logica;0;;;;ERA-2APB2151X;;PANASONIC;Mouser;;;0;0;;;
CRCW0805100KFKEA;Thick Film SM Chip Resistors, 100K, 0805, ±1%, 1/8W;;R248;;Inverte Logica;1;;;;CRCW0805100KFKEA;;VISHAY;Mouser;;;0;0;;;
CRCW040247K0FKED;Thick Film SM Chip Resistors, 47K,  0402, ±1%, 1/16W;;R253, R269, R270, R271;;Inverte Logica;4;;;;CRCW040247K0FKED;;VISHAY;Mouser;;;0;0;;;
CRCW0603100KFKEA;Thick Film SM Chip Resistors, 100R, 0603, ±1%, 1/10W;;R256, R258;;Inverte Logica;0;;;;CRCW0603100KFKEA;;VISHAY;Mouser;;;0;0;;;
CRCW0603470RFKEA;Thick Film SM Chip Resistors, 470R, 0603, ±1%, 1/10W;;R257;;Inverte Logica;0;;;;CRCW0603470RFKEA;;VISHAY;Mouser;;;0;0;;;
CRCW0402200KFKED;Thick Film SM Chip Resistors, 200K, 0402, ±1%, 1/16W;;R259;;Inverte Logica;1;;;;CRCW0402200KFKED;;VISHAY;Mouser;;;0;0;;;
CRCW06031K00FKEA;Thick Film SM Chip Resistors, 1K, 0603, ±1%, 1/10W;;R260, R261, R262;;Inverte Logica;0;;;;CRCW06031K00FKEA;;VISHAY;Mouser;;;0;0;;;
CRCW0402147KFKED;Thick Film SM Chip Resistors, 147K, 0402, ±1%, 1/16W;;R272, R273;;Inverte Logica;2;;;;CRCW0402147KFKED;;VISHAY;Mouser;;;0;0;;;
20-2137;Occhiello PTH, 1mm, Black, Plated;;TP1, TP2;;Inverte Logica;2;;;;20-2137;;Vero Tech Ltd;Mouser;;;0;0;;;
292191601;Custom EF25 six secondary winding Flyback transformer, Lp=57uH;;TR1;;Inverte Logica;1;;;;292191601;;PMA;Mouser;;;0;0;;;
UCC28C50QDRQ1;Bicmos Current Mode Pwm Controller;;U1;;Inverte Logica;1;;;;UCC28C50QDRQ1;;TI;Mouser;;;0;0;;;
MPM3810AGQBE-AEC1-Z;Sync Step_down Conv, 6Vin, 1.2A, Adj, Automotive, Integrated Ind, DFN12;;U2;;Inverte Logica;1;;;;MPM3810AGQBE-AEC1-Z;;MPS;Mouser;;;0;0;;;
LP2951-50QDRGRQ1;LP2951-Q1 Automotive, Adjustable Voltage Regulators With Shutdown;;U3, U4, U6, U9;;Inverte Logica;4;;;;LP2951-50QDRGRQ1;;TI;Mouser;;;0;0;;;
ISO6721FQDWVRQ1;"Digital Isolator Automotive, general-purpose, dual-channel, 1/1 digital isolator; SOIC8";;U5, U8, U11, U34;;Inverte Logica;4;;;;ISO6721FQDWVRQ1;;TI;Mouser;;;0;0;;;
LDL212PUR;Low Dropout Reg, High PSRR, Adj, 1.2A, DFN-6;;U7, U12;;Inverte Logica;2;;;;LDL212PUR;;ST;Mouser;;;0;0;;;
VOMA617A-X001T;OptoCoupler TransOut SM-4Pin;;U10;;Inverte Logica;1;;;;VOMA617A-X001T;;Vishay;Mouser;;;0;0;;;
UCC27519AQDBVRQ1;;;U13;;Inverte Logica;1;;;;UCC27519AQDBVRQ1;;TI;Mouser;;;0;0;;;
TSC213IYCT;Current Sense Amplif, Low/high side, Bidir, ZeroDrift, fixed G=50,;;U14;;Inverte Logica;1;;;;TSC213IYCT;;ST;Mouser;;;0;0;;;
TS5A3357QDCURQ1;IC Single Analog Switch SP3T, 3:1 Mux/Demux, Autom, VSSOP8;;U15, U17;;Inverte Logica;2;;;;TS5A3357QDCURQ1;;TI;Mouser;;;0;0;;;
TLV333IDBVR;High-precision (15uV), Single, EMI Hardened,Zero Drift (0.02uV/°C), SOT23-5;;U16, U30, U45;;Inverte Logica;3;;;;TLV333IDBVR;;TI;Mouser;;;0;0;;;
TPS22919QDCKRQ1;Load Switch 5.5 V, 1.5 A, 90-m? Self-Protected, Autom, SC70-6;;U18;;Inverte Logica;1;;;;TPS22919QDCKRQ1;;TI;Mouser;;;0;0;;;
LSF0102QDCURQ1;2Ch Auto-Bidir multi-voltage level translator, VSSOP8;;U19, U47;;Inverte Logica;2;;;;LSF0102QDCURQ1;;TI;Mouser;;;0;0;;;
SN74LVC1G07QDBVRQ1;"1-ch Buffer OpenDrain out, 1.65-V to 5.5-V buffer; SOT23-5";;U20, U33, U36, U37, U48;;Inverte Logica;5;;;;SN74LVC1G07QDBVRQ1;;TI;Mouser;;;0;0;;;
TLV2333IDGKR;High-precision (15uV), Dual, EMI Hardened,Zero Drift (0.02uV/°C), TSSOP8;;U21, U22, U28, U29, U46;;Inverte Logica;5;;;;TLV2333IDGKR;;TI;Mouser;;;0;0;;;
STM32G491RET3;MCU  Arm Cortex-M4 MCU 170 MHz -512 KB Flash, 96KB ram;;U23;;Inverte Logica;1;;;;STM32G491RET3;;STMicroelectronics;Mouser;;;0;0;;;
IS25WP128F-JBLA3;SPI Flash Nor, 128Mb, 166MHz SO8, Autom;;U24;;Inverte Logica;1;;;;IS25WP128F-JBLA3;;ISSI;Mouser;;;0;0;;;
SN74LVC3G17DCUR;3-ch Buffer Push-Pull outs, SmithTrigger, 1.65-V to 5.5-V buffers VSSOP;;U25;;Inverte Logica;1;;;;SN74LVC3G17DCUR;;TI;Mouser;;;0;0;;;
SN74LVC3G07QDCU*Q1;3-ch Buffer OpenDrain outs, 1.65-V to 5.5-V buffers VSSOP;;U26;;Inverte Logica;1;;;;SN74LVC3G07QDCU*Q1;;TI;Mouser;;;0;0;;;
REF35330QDBVRQ1;3.3V Ultra Low-Power, 0.05% Precision Voltage Reference;;U27;;Inverte Logica;1;;;;REF35330QDBVRQ1;;TI;Mouser;;;0;0;;;
TJA1052IT/2Y;Galvanically-Isolated High-Speed CAN Transceiver;;U31;;Inverte Logica;1;;;;TJA1052IT/2Y;;NXP;Mouser;;;0;0;;;
TLP3109A(TP,F;SPST-NA, SSR, 3A SOP6;;U32;;Inverte Logica;1;;;;TLP3109A(TP,F;;TOSHIBA;Mouser;;;0;0;;;
SR05.TCT;Dual TVS Diode Array 5V RailClamp;;U35;;Inverte Logica;1;;;;SR05.TCT;;SEMTECH;Mouser;;;0;0;;;
TPS22810TDBVRQ1;Load Switch 18V, 2A, 79-m? Self-Protected, Autom, SOT23-6;;U38;;Inverte Logica;1;;;;TPS22810TDBVRQ1;;TI;Mouser;;;0;0;;;
ISO6720FQDWVRQ1;"Digital Isolator Automotive, general-purpose, dual-channel, 1/1 digital isolator; SOIC8";;U39, U49;;Inverte Logica;2;;;;ISO6720FQDWVRQ1;;TI;Mouser;;;0;0;;;
NCV8711ASNADJT1G;Low Dropout Reg CMOS,  Adj, 100mA SOT23-5, Auto;;U40;;Inverte Logica;1;;;;NCV8711ASNADJT1G;;OnSemi;Mouser;;;0;0;;;
STM32H725VGT3;MCU  Arm Cortex-M7 MCU 550 MHz 1MB Flash, 564KB ram;;U41;;Inverte Logica;1;;;;STM32H725VGT3;;STMicroelectronics;Mouser;;;0;0;;;
TPS35AA38AGADDFRQ1;TPS35-Q1 Voltage Supervisor & WDT, Autom, SOT23-8;;U42;;Inverte Logica;1;;;;TPS35AA38AGADDFRQ1;;TI;Mouser;;;0;0;;;
TLE5012B E1000;GMR based Angle Sensor SO8;;U43;;Inverte Logica;1;;;;TLE5012B E1000;;Infineon;Mouser;;;0;0;;;
TLE5309D E1211;Analog AMR/GMR Angle Sensor;;U44;;Inverte Logica;0;;;;TLE5309D E1211;;Infineon;Mouser;;;0;0;;;
CT110FDV-HD6;TMR Sensor 3.3Vout, 5% Err, Flag Out, 125°C DNF-6;;U50;;Inverte Logica;1;;;;CT110FDV-HD6;;Allegro;Mouser;;;0;0;;;
MC3225Z16.0000C19XSH;Clock Osc, Automotive, 16MHz, 30ppm, SMD-4;;X1, X2;;Inverte Logica;2;;;;MC3225Z16.0000C19XSH;;KYOCERA-AVX;Mouser;;;0;0;;;
